"","max_ord","max_r","algorithm"
"1",475,"2n","B"
"2",926,"2n","B"
"3",475,"2n","B"
"4",584,"2n","B"
"5",475,"2n","B"
"6",342,"2n","B"
"7",475,"2n","B"
"8",584,"2n","B"
"9",475,"2n","B"
"10",475,"2n","B"
"11",817,"2n","B"
"12",475,"2n","B"
"13",475,"2n","B"
"14",475,"2n","B"
"15",584,"2n","B"
"16",880,"2n","B"
"17",993,"2n","B"
"18",622,"2n","B"
"19",489,"2n","B"
"20",622,"2n","B"
"21",970,"2n","B"
"22",961,"2n","B"
"23",909,"2n","B"
"24",961,"2n","B"
"25",808,"2n","B"
"26",808,"2n","B"
"27",990,"2n","B"
"28",489,"2n","B"
"29",945,"2n","B"
"30",489,"2n","B"
"31",690,"2n","B"
"32",527,"2n","B"
"33",527,"2n","B"
"34",527,"2n","B"
"35",527,"2n","B"
"36",438,"2n","B"
"37",527,"2n","B"
"38",527,"2n","B"
"39",527,"2n","B"
"40",913,"2n","B"
"41",527,"2n","B"
"42",527,"2n","B"
"43",527,"2n","B"
"44",527,"2n","B"
"45",527,"2n","B"
"46",527,"2n","B"
"47",527,"2n","B"
"48",938,"2n","B"
"49",551,"2n","B"
"50",551,"2n","B"
"51",551,"2n","B"
"52",551,"2n","B"
"53",551,"2n","B"
"54",551,"2n","B"
"55",551,"2n","B"
"56",551,"2n","B"
"57",551,"2n","B"
"58",551,"2n","B"
"59",982,"2n","B"
"60",551,"2n","B"
"61",551,"2n","B"
"62",551,"2n","B"
"63",551,"2n","B"
"64",551,"2n","B"
"65",551,"2n","B"
"66",869,"2n","B"
"67",869,"2n","B"
"68",497,"2n","B"
"69",497,"2n","B"
"70",497,"2n","B"
"71",497,"2n","B"
"72",497,"2n","B"
"73",372,"2n","B"
"74",984,"2n","B"
"75",497,"2n","B"
"76",497,"2n","B"
"77",497,"2n","B"
"78",497,"2n","B"
"79",497,"2n","B"
"80",372,"2n","B"
"81",497,"2n","B"
"82",945,"2n","B"
"83",973,"2n","B"
"84",973,"2n","B"
"85",973,"2n","B"
"86",881,"2n","B"
"87",733,"2n","B"
"88",733,"2n","B"
"89",733,"2n","B"
"90",973,"2n","B"
"91",881,"2n","B"
"92",733,"2n","B"
"93",973,"2n","B"
"94",973,"2n","B"
"95",824,"2n","B"
"96",824,"2n","B"
"97",733,"2n","B"
"98",973,"2n","B"
"99",732,"2n","B"
"100",615,"2n","Q"
"101",297,"2n","Q"
"102",334,"2n","Q"
"103",336,"2n","Q"
"104",288,"2n","Q"
"105",246,"2n","Q"
"106",191,"2n","Q"
"107",248,"2n","Q"
"108",240,"2n","Q"
"109",193,"2n","Q"
"110",231,"2n","Q"
"111",406,"2n","Q"
"112",271,"2n","Q"
"113",270,"2n","Q"
"114",450,"2n","Q"
"115",267,"2n","Q"
"116",307,"2n","Q"
"117",187,"2n","Q"
"118",212,"2n","Q"
"119",261,"2n","Q"
"120",222,"2n","Q"
"121",462,"2n","Q"
"122",225,"2n","Q"
"123",201,"2n","Q"
"124",294,"2n","Q"
"125",262,"2n","Q"
"126",291,"2n","Q"
"127",370,"2n","Q"
"128",289,"2n","Q"
"129",190,"2n","Q"
"130",198,"2n","Q"
"131",209,"2n","Q"
"132",181,"2n","Q"
"133",204,"2n","Q"
"134",287,"2n","Q"
"135",181,"2n","Q"
"136",224,"2n","Q"
"137",242,"2n","Q"
"138",200,"2n","Q"
"139",172,"2n","Q"
"140",153,"2n","Q"
"141",177,"2n","Q"
"142",197,"2n","Q"
"143",196,"2n","Q"
"144",136,"2n","Q"
"145",130,"2n","Q"
"146",239,"2n","Q"
"147",162,"2n","Q"
"148",203,"2n","Q"
"149",132,"2n","Q"
"150",149,"2n","Q"
"151",171,"2n","Q"
"152",171,"2n","Q"
"153",176,"2n","Q"
"154",203,"2n","Q"
"155",149,"2n","Q"
"156",140,"2n","Q"
"157",169,"2n","Q"
"158",182,"2n","Q"
"159",164,"2n","Q"
"160",173,"2n","Q"
"161",268,"2n","Q"
"162",153,"2n","Q"
"163",187,"2n","Q"
"164",154,"2n","Q"
"165",226,"2n","Q"
"166",207,"2n","Q"
"167",201,"2n","Q"
"168",222,"2n","Q"
"169",235,"2n","Q"
"170",207,"2n","Q"
"171",326,"2n","Q"
"172",266,"2n","Q"
"173",205,"2n","Q"
"174",201,"2n","Q"
"175",386,"2n","Q"
"176",237,"2n","Q"
"177",280,"2n","Q"
"178",296,"2n","Q"
"179",327,"2n","Q"
"180",322,"2n","Q"
"181",229,"2n","Q"
"182",330,"2n","Q"
"183",393,"2n","Q"
"184",388,"2n","Q"
"185",396,"2n","Q"
"186",373,"2n","Q"
"187",330,"2n","Q"
"188",205,"2n","Q"
"189",352,"2n","Q"
"190",336,"2n","Q"
"191",343,"2n","Q"
"192",285,"2n","Q"
"193",261,"2n","Q"
"194",188,"2n","Q"
"195",258,"2n","Q"
"196",324,"2n","Q"
"197",202,"2n","Q"
"198",162,"2n","Q"
"199",262,"2n","Q"
"200",245,"2n","M"
"201",466,"2n","M"
"202",366,"2n","M"
"203",376,"2n","M"
"204",398,"2n","M"
"205",450,"2n","M"
"206",839,"2n","M"
"207",407,"2n","M"
"208",467,"2n","M"
"209",449,"2n","M"
"210",451,"2n","M"
"211",221,"2n","M"
"212",250,"2n","M"
"213",242,"2n","M"
"214",257,"2n","M"
"215",232,"2n","M"
"216",306,"2n","M"
"217",494,"2n","M"
"218",232,"2n","M"
"219",221,"2n","M"
"220",264,"2n","M"
"221",264,"2n","M"
"222",239,"2n","M"
"223",235,"2n","M"
"224",296,"2n","M"
"225",247,"2n","M"
"226",231,"2n","M"
"227",226,"2n","M"
"228",238,"2n","M"
"229",317,"2n","M"
"230",215,"2n","M"
"231",230,"2n","M"
"232",244,"2n","M"
"233",300,"2n","M"
"234",442,"2n","M"
"235",270,"2n","M"
"236",309,"2n","M"
"237",358,"2n","M"
"238",278,"2n","M"
"239",293,"2n","M"
"240",244,"2n","M"
"241",292,"2n","M"
"242",221,"2n","M"
"243",362,"2n","M"
"244",245,"2n","M"
"245",253,"2n","M"
"246",295,"2n","M"
"247",261,"2n","M"
"248",244,"2n","M"
"249",265,"2n","M"
"250",269,"2n","M"
"251",245,"2n","M"
"252",325,"2n","M"
"253",244,"2n","M"
"254",325,"2n","M"
"255",326,"2n","M"
"256",243,"2n","M"
"257",330,"2n","M"
"258",240,"2n","M"
"259",227,"2n","M"
"260",372,"2n","M"
"261",299,"2n","M"
"262",272,"2n","M"
"263",402,"2n","M"
"264",309,"2n","M"
"265",308,"2n","M"
"266",348,"2n","M"
"267",278,"2n","M"
"268",170,"2n","M"
"269",284,"2n","M"
"270",319,"2n","M"
"271",297,"2n","M"
"272",319,"2n","M"
"273",304,"2n","M"
"274",273,"2n","M"
"275",232,"2n","M"
"276",182,"2n","M"
"277",162,"2n","M"
"278",200,"2n","M"
"279",170,"2n","M"
"280",200,"2n","M"
"281",141,"2n","M"
"282",176,"2n","M"
"283",249,"2n","M"
"284",330,"2n","M"
"285",356,"2n","M"
"286",254,"2n","M"
"287",199,"2n","M"
"288",364,"2n","M"
"289",184,"2n","M"
"290",360,"2n","M"
"291",211,"2n","M"
"292",331,"2n","M"
"293",224,"2n","M"
"294",183,"2n","M"
"295",231,"2n","M"
"296",217,"2n","M"
"297",293,"2n","M"
"298",246,"2n","M"
"299",183,"2n","M"
"300",306,"2n","I"
"301",64,"2n","I"
"302",85,"2n","I"
"303",64,"2n","I"
"304",55,"2n","I"
"305",54,"2n","I"
"306",95,"2n","I"
"307",50,"2n","I"
"308",69,"2n","I"
"309",86,"2n","I"
"310",78,"2n","I"
"311",69,"2n","I"
"312",69,"2n","I"
"313",57,"2n","I"
"314",63,"2n","I"
"315",84,"2n","I"
"316",76,"2n","I"
"317",79,"2n","I"
"318",69,"2n","I"
"319",64,"2n","I"
"320",68,"2n","I"
"321",55,"2n","I"
"322",70,"2n","I"
"323",80,"2n","I"
"324",75,"2n","I"
"325",80,"2n","I"
"326",84,"2n","I"
"327",63,"2n","I"
"328",60,"2n","I"
"329",83,"2n","I"
"330",60,"2n","I"
"331",84,"2n","I"
"332",58,"2n","I"
"333",51,"2n","I"
"334",87,"2n","I"
"335",78,"2n","I"
"336",57,"2n","I"
"337",93,"2n","I"
"338",70,"2n","I"
"339",73,"2n","I"
"340",60,"2n","I"
"341",58,"2n","I"
"342",57,"2n","I"
"343",53,"2n","I"
"344",50,"2n","I"
"345",73,"2n","I"
"346",86,"2n","I"
"347",79,"2n","I"
"348",61,"2n","I"
"349",63,"2n","I"
"350",103,"2n","I"
"351",74,"2n","I"
"352",86,"2n","I"
"353",81,"2n","I"
"354",67,"2n","I"
"355",62,"2n","I"
"356",50,"2n","I"
"357",64,"2n","I"
"358",60,"2n","I"
"359",47,"2n","I"
"360",85,"2n","I"
"361",73,"2n","I"
"362",64,"2n","I"
"363",71,"2n","I"
"364",91,"2n","I"
"365",86,"2n","I"
"366",70,"2n","I"
"367",65,"2n","I"
"368",72,"2n","I"
"369",61,"2n","I"
"370",63,"2n","I"
"371",70,"2n","I"
"372",54,"2n","I"
"373",75,"2n","I"
"374",52,"2n","I"
"375",106,"2n","I"
"376",67,"2n","I"
"377",64,"2n","I"
"378",66,"2n","I"
"379",86,"2n","I"
"380",50,"2n","I"
"381",56,"2n","I"
"382",63,"2n","I"
"383",65,"2n","I"
"384",49,"2n","I"
"385",74,"2n","I"
"386",61,"2n","I"
"387",60,"2n","I"
"388",74,"2n","I"
"389",61,"2n","I"
"390",84,"2n","I"
"391",79,"2n","I"
"392",66,"2n","I"
"393",75,"2n","I"
"394",57,"2n","I"
"395",64,"2n","I"
"396",80,"2n","I"
"397",73,"2n","I"
"398",58,"2n","I"
"399",62,"2n","I"
"400",66,"2n","I"
"401",567,"n","B"
"402",567,"n","B"
"403",567,"n","B"
"404",567,"n","B"
"405",567,"n","B"
"406",567,"n","B"
"407",567,"n","B"
"408",567,"n","B"
"409",567,"n","B"
"410",567,"n","B"
"411",567,"n","B"
"412",567,"n","B"
"413",852,"n","B"
"414",991,"n","B"
"415",852,"n","B"
"416",852,"n","B"
"417",567,"n","B"
"418",985,"n","B"
"419",465,"n","B"
"420",842,"n","B"
"421",985,"n","B"
"422",715,"n","B"
"423",985,"n","B"
"424",842,"n","B"
"425",715,"n","B"
"426",715,"n","B"
"427",715,"n","B"
"428",715,"n","B"
"429",715,"n","B"
"430",842,"n","B"
"431",715,"n","B"
"432",842,"n","B"
"433",715,"n","B"
"434",510,"n","B"
"435",338,"n","B"
"436",1000,"n","B"
"437",370,"n","B"
"438",254,"n","B"
"439",380,"n","B"
"440",504,"n","B"
"441",254,"n","B"
"442",380,"n","B"
"443",254,"n","B"
"444",370,"n","B"
"445",370,"n","B"
"446",370,"n","B"
"447",359,"n","B"
"448",254,"n","B"
"449",254,"n","B"
"450",496,"n","B"
"451",380,"n","B"
"452",254,"n","B"
"453",370,"n","B"
"454",380,"n","B"
"455",254,"n","B"
"456",449,"n","B"
"457",449,"n","B"
"458",449,"n","B"
"459",475,"n","B"
"460",459,"n","B"
"461",422,"n","B"
"462",512,"n","B"
"463",512,"n","B"
"464",449,"n","B"
"465",449,"n","B"
"466",485,"n","B"
"467",476,"n","B"
"468",449,"n","B"
"469",512,"n","B"
"470",449,"n","B"
"471",449,"n","B"
"472",512,"n","B"
"473",512,"n","B"
"474",488,"n","B"
"475",935,"n","B"
"476",447,"n","B"
"477",976,"n","B"
"478",447,"n","B"
"479",447,"n","B"
"480",447,"n","B"
"481",551,"n","B"
"482",551,"n","B"
"483",553,"n","B"
"484",935,"n","B"
"485",447,"n","B"
"486",544,"n","B"
"487",935,"n","B"
"488",518,"n","B"
"489",998,"n","B"
"490",447,"n","B"
"491",529,"n","B"
"492",447,"n","B"
"493",390,"n","B"
"494",899,"n","B"
"495",424,"n","B"
"496",964,"n","B"
"497",390,"n","B"
"498",632,"n","B"
"499",814,"n","B"
"500",390,"n","Q"
"501",248,"n","Q"
"502",317,"n","Q"
"503",270,"n","Q"
"504",260,"n","Q"
"505",213,"n","Q"
"506",261,"n","Q"
"507",392,"n","Q"
"508",238,"n","Q"
"509",268,"n","Q"
"510",476,"n","Q"
"511",186,"n","Q"
"512",293,"n","Q"
"513",227,"n","Q"
"514",271,"n","Q"
"515",189,"n","Q"
"516",388,"n","Q"
"517",830,"n","Q"
"518",558,"n","Q"
"519",422,"n","Q"
"520",299,"n","Q"
"521",531,"n","Q"
"522",497,"n","Q"
"523",341,"n","Q"
"524",446,"n","Q"
"525",562,"n","Q"
"526",415,"n","Q"
"527",382,"n","Q"
"528",440,"n","Q"
"529",593,"n","Q"
"530",359,"n","Q"
"531",559,"n","Q"
"532",328,"n","Q"
"533",354,"n","Q"
"534",677,"n","Q"
"535",474,"n","Q"
"536",506,"n","Q"
"537",314,"n","Q"
"538",595,"n","Q"
"539",289,"n","Q"
"540",191,"n","Q"
"541",286,"n","Q"
"542",207,"n","Q"
"543",230,"n","Q"
"544",187,"n","Q"
"545",268,"n","Q"
"546",195,"n","Q"
"547",217,"n","Q"
"548",295,"n","Q"
"549",215,"n","Q"
"550",286,"n","Q"
"551",232,"n","Q"
"552",276,"n","Q"
"553",250,"n","Q"
"554",214,"n","Q"
"555",221,"n","Q"
"556",285,"n","Q"
"557",230,"n","Q"
"558",253,"n","Q"
"559",266,"n","Q"
"560",270,"n","Q"
"561",485,"n","Q"
"562",439,"n","Q"
"563",400,"n","Q"
"564",350,"n","Q"
"565",251,"n","Q"
"566",332,"n","Q"
"567",313,"n","Q"
"568",439,"n","Q"
"569",240,"n","Q"
"570",218,"n","Q"
"571",285,"n","Q"
"572",336,"n","Q"
"573",270,"n","Q"
"574",207,"n","Q"
"575",224,"n","Q"
"576",263,"n","Q"
"577",334,"n","Q"
"578",268,"n","Q"
"579",414,"n","Q"
"580",235,"n","Q"
"581",275,"n","Q"
"582",243,"n","Q"
"583",228,"n","Q"
"584",230,"n","Q"
"585",499,"n","Q"
"586",349,"n","Q"
"587",259,"n","Q"
"588",336,"n","Q"
"589",271,"n","Q"
"590",183,"n","Q"
"591",321,"n","Q"
"592",385,"n","Q"
"593",319,"n","Q"
"594",208,"n","Q"
"595",303,"n","Q"
"596",244,"n","Q"
"597",298,"n","Q"
"598",382,"n","Q"
"599",422,"n","Q"
"600",381,"n","M"
"601",190,"n","M"
"602",175,"n","M"
"603",214,"n","M"
"604",209,"n","M"
"605",192,"n","M"
"606",210,"n","M"
"607",227,"n","M"
"608",231,"n","M"
"609",184,"n","M"
"610",213,"n","M"
"611",215,"n","M"
"612",175,"n","M"
"613",253,"n","M"
"614",279,"n","M"
"615",238,"n","M"
"616",179,"n","M"
"617",209,"n","M"
"618",235,"n","M"
"619",289,"n","M"
"620",187,"n","M"
"621",407,"n","M"
"622",207,"n","M"
"623",304,"n","M"
"624",192,"n","M"
"625",278,"n","M"
"626",290,"n","M"
"627",251,"n","M"
"628",304,"n","M"
"629",268,"n","M"
"630",340,"n","M"
"631",239,"n","M"
"632",189,"n","M"
"633",525,"n","M"
"634",312,"n","M"
"635",227,"n","M"
"636",308,"n","M"
"637",262,"n","M"
"638",330,"n","M"
"639",285,"n","M"
"640",262,"n","M"
"641",327,"n","M"
"642",350,"n","M"
"643",288,"n","M"
"644",345,"n","M"
"645",304,"n","M"
"646",265,"n","M"
"647",285,"n","M"
"648",308,"n","M"
"649",272,"n","M"
"650",322,"n","M"
"651",352,"n","M"
"652",308,"n","M"
"653",515,"n","M"
"654",449,"n","M"
"655",517,"n","M"
"656",370,"n","M"
"657",343,"n","M"
"658",492,"n","M"
"659",222,"n","M"
"660",334,"n","M"
"661",368,"n","M"
"662",441,"n","M"
"663",383,"n","M"
"664",358,"n","M"
"665",223,"n","M"
"666",283,"n","M"
"667",442,"n","M"
"668",522,"n","M"
"669",577,"n","M"
"670",424,"n","M"
"671",419,"n","M"
"672",288,"n","M"
"673",335,"n","M"
"674",452,"n","M"
"675",254,"n","M"
"676",213,"n","M"
"677",184,"n","M"
"678",226,"n","M"
"679",218,"n","M"
"680",278,"n","M"
"681",205,"n","M"
"682",279,"n","M"
"683",298,"n","M"
"684",314,"n","M"
"685",254,"n","M"
"686",192,"n","M"
"687",211,"n","M"
"688",184,"n","M"
"689",313,"n","M"
"690",158,"n","M"
"691",226,"n","M"
"692",161,"n","M"
"693",187,"n","M"
"694",248,"n","M"
"695",328,"n","M"
"696",223,"n","M"
"697",201,"n","M"
"698",254,"n","M"
"699",219,"n","M"
"700",178,"n","I"
"701",53,"n","I"
"702",49,"n","I"
"703",78,"n","I"
"704",57,"n","I"
"705",51,"n","I"
"706",53,"n","I"
"707",72,"n","I"
"708",90,"n","I"
"709",54,"n","I"
"710",82,"n","I"
"711",69,"n","I"
"712",49,"n","I"
"713",47,"n","I"
"714",56,"n","I"
"715",60,"n","I"
"716",69,"n","I"
"717",62,"n","I"
"718",70,"n","I"
"719",49,"n","I"
"720",44,"n","I"
"721",76,"n","I"
"722",83,"n","I"
"723",68,"n","I"
"724",78,"n","I"
"725",75,"n","I"
"726",64,"n","I"
"727",63,"n","I"
"728",64,"n","I"
"729",65,"n","I"
"730",75,"n","I"
"731",90,"n","I"
"732",78,"n","I"
"733",75,"n","I"
"734",61,"n","I"
"735",74,"n","I"
"736",100,"n","I"
"737",59,"n","I"
"738",88,"n","I"
"739",71,"n","I"
"740",133,"n","I"
"741",93,"n","I"
"742",66,"n","I"
"743",85,"n","I"
"744",56,"n","I"
"745",58,"n","I"
"746",51,"n","I"
"747",68,"n","I"
"748",64,"n","I"
"749",59,"n","I"
"750",47,"n","I"
"751",67,"n","I"
"752",54,"n","I"
"753",62,"n","I"
"754",66,"n","I"
"755",74,"n","I"
"756",68,"n","I"
"757",60,"n","I"
"758",62,"n","I"
"759",47,"n","I"
"760",72,"n","I"
"761",64,"n","I"
"762",58,"n","I"
"763",74,"n","I"
"764",79,"n","I"
"765",99,"n","I"
"766",62,"n","I"
"767",55,"n","I"
"768",96,"n","I"
"769",69,"n","I"
"770",59,"n","I"
"771",58,"n","I"
"772",71,"n","I"
"773",79,"n","I"
"774",61,"n","I"
"775",64,"n","I"
"776",90,"n","I"
"777",105,"n","I"
"778",63,"n","I"
"779",77,"n","I"
"780",95,"n","I"
"781",59,"n","I"
"782",63,"n","I"
"783",66,"n","I"
"784",61,"n","I"
"785",87,"n","I"
"786",83,"n","I"
"787",45,"n","I"
"788",69,"n","I"
"789",73,"n","I"
"790",63,"n","I"
"791",78,"n","I"
"792",44,"n","I"
"793",59,"n","I"
"794",65,"n","I"
"795",73,"n","I"
"796",91,"n","I"
"797",70,"n","I"
"798",60,"n","I"
"799",55,"n","I"
"800",72,"n","I"
"801",962,"n/2","B"
"802",962,"n/2","B"
"803",988,"n/2","B"
"804",763,"n/2","B"
"805",481,"n/2","B"
"806",481,"n/2","B"
"807",481,"n/2","B"
"808",481,"n/2","B"
"809",763,"n/2","B"
"810",763,"n/2","B"
"811",860,"n/2","B"
"812",763,"n/2","B"
"813",481,"n/2","B"
"814",481,"n/2","B"
"815",481,"n/2","B"
"816",763,"n/2","B"
"817",988,"n/2","B"
"818",860,"n/2","B"
"819",481,"n/2","B"
"820",860,"n/2","B"
"821",481,"n/2","B"
"822",768,"n/2","B"
"823",978,"n/2","B"
"824",921,"n/2","B"
"825",978,"n/2","B"
"826",998,"n/2","B"
"827",921,"n/2","B"
"828",768,"n/2","B"
"829",978,"n/2","B"
"830",1000,"n/2","B"
"831",613,"n/2","B"
"832",978,"n/2","B"
"833",857,"n/2","B"
"834",998,"n/2","B"
"835",768,"n/2","B"
"836",768,"n/2","B"
"837",457,"n/2","B"
"838",921,"n/2","B"
"839",702,"n/2","B"
"840",921,"n/2","B"
"841",842,"n/2","B"
"842",586,"n/2","B"
"843",586,"n/2","B"
"844",842,"n/2","B"
"845",842,"n/2","B"
"846",586,"n/2","B"
"847",842,"n/2","B"
"848",586,"n/2","B"
"849",586,"n/2","B"
"850",976,"n/2","B"
"851",976,"n/2","B"
"852",586,"n/2","B"
"853",586,"n/2","B"
"854",586,"n/2","B"
"855",586,"n/2","B"
"856",842,"n/2","B"
"857",976,"n/2","B"
"858",976,"n/2","B"
"859",586,"n/2","B"
"860",710,"n/2","B"
"861",710,"n/2","B"
"862",710,"n/2","B"
"863",710,"n/2","B"
"864",710,"n/2","B"
"865",710,"n/2","B"
"866",710,"n/2","B"
"867",710,"n/2","B"
"868",710,"n/2","B"
"869",710,"n/2","B"
"870",710,"n/2","B"
"871",710,"n/2","B"
"872",710,"n/2","B"
"873",710,"n/2","B"
"874",710,"n/2","B"
"875",710,"n/2","B"
"876",710,"n/2","B"
"877",901,"n/2","B"
"878",999,"n/2","B"
"879",756,"n/2","B"
"880",445,"n/2","B"
"881",756,"n/2","B"
"882",756,"n/2","B"
"883",445,"n/2","B"
"884",445,"n/2","B"
"885",756,"n/2","B"
"886",445,"n/2","B"
"887",756,"n/2","B"
"888",445,"n/2","B"
"889",587,"n/2","B"
"890",445,"n/2","B"
"891",445,"n/2","B"
"892",445,"n/2","B"
"893",445,"n/2","B"
"894",445,"n/2","B"
"895",445,"n/2","B"
"896",445,"n/2","B"
"897",756,"n/2","B"
"898",547,"n/2","B"
"899",547,"n/2","B"
"900",901,"n/2","Q"
"901",412,"n/2","Q"
"902",529,"n/2","Q"
"903",364,"n/2","Q"
"904",224,"n/2","Q"
"905",264,"n/2","Q"
"906",330,"n/2","Q"
"907",305,"n/2","Q"
"908",543,"n/2","Q"
"909",523,"n/2","Q"
"910",468,"n/2","Q"
"911",464,"n/2","Q"
"912",772,"n/2","Q"
"913",381,"n/2","Q"
"914",593,"n/2","Q"
"915",299,"n/2","Q"
"916",407,"n/2","Q"
"917",359,"n/2","Q"
"918",265,"n/2","Q"
"919",422,"n/2","Q"
"920",438,"n/2","Q"
"921",402,"n/2","Q"
"922",416,"n/2","Q"
"923",426,"n/2","Q"
"924",385,"n/2","Q"
"925",296,"n/2","Q"
"926",421,"n/2","Q"
"927",404,"n/2","Q"
"928",347,"n/2","Q"
"929",368,"n/2","Q"
"930",338,"n/2","Q"
"931",270,"n/2","Q"
"932",207,"n/2","Q"
"933",377,"n/2","Q"
"934",170,"n/2","Q"
"935",290,"n/2","Q"
"936",232,"n/2","Q"
"937",432,"n/2","Q"
"938",313,"n/2","Q"
"939",194,"n/2","Q"
"940",359,"n/2","Q"
"941",287,"n/2","Q"
"942",242,"n/2","Q"
"943",359,"n/2","Q"
"944",277,"n/2","Q"
"945",273,"n/2","Q"
"946",218,"n/2","Q"
"947",216,"n/2","Q"
"948",395,"n/2","Q"
"949",310,"n/2","Q"
"950",170,"n/2","Q"
"951",312,"n/2","Q"
"952",331,"n/2","Q"
"953",354,"n/2","Q"
"954",227,"n/2","Q"
"955",331,"n/2","Q"
"956",345,"n/2","Q"
"957",346,"n/2","Q"
"958",219,"n/2","Q"
"959",287,"n/2","Q"
"960",455,"n/2","Q"
"961",301,"n/2","Q"
"962",258,"n/2","Q"
"963",364,"n/2","Q"
"964",351,"n/2","Q"
"965",423,"n/2","Q"
"966",171,"n/2","Q"
"967",214,"n/2","Q"
"968",289,"n/2","Q"
"969",241,"n/2","Q"
"970",289,"n/2","Q"
"971",260,"n/2","Q"
"972",231,"n/2","Q"
"973",233,"n/2","Q"
"974",340,"n/2","Q"
"975",294,"n/2","Q"
"976",229,"n/2","Q"
"977",398,"n/2","Q"
"978",457,"n/2","Q"
"979",474,"n/2","Q"
"980",387,"n/2","Q"
"981",330,"n/2","Q"
"982",426,"n/2","Q"
"983",375,"n/2","Q"
"984",258,"n/2","Q"
"985",584,"n/2","Q"
"986",294,"n/2","Q"
"987",459,"n/2","Q"
"988",369,"n/2","Q"
"989",477,"n/2","Q"
"990",552,"n/2","Q"
"991",483,"n/2","Q"
"992",447,"n/2","Q"
"993",727,"n/2","Q"
"994",306,"n/2","Q"
"995",401,"n/2","Q"
"996",323,"n/2","Q"
"997",443,"n/2","Q"
"998",384,"n/2","Q"
"999",231,"n/2","Q"
"1000",221,"n/2","M"
"1001",653,"n/2","M"
"1002",1000,"n/2","M"
"1003",653,"n/2","M"
"1004",786,"n/2","M"
"1005",699,"n/2","M"
"1006",1000,"n/2","M"
"1007",752,"n/2","M"
"1008",632,"n/2","M"
"1009",538,"n/2","M"
"1010",756,"n/2","M"
"1011",754,"n/2","M"
"1012",1000,"n/2","M"
"1013",1000,"n/2","M"
"1014",738,"n/2","M"
"1015",773,"n/2","M"
"1016",753,"n/2","M"
"1017",798,"n/2","M"
"1018",385,"n/2","M"
"1019",340,"n/2","M"
"1020",393,"n/2","M"
"1021",363,"n/2","M"
"1022",396,"n/2","M"
"1023",331,"n/2","M"
"1024",368,"n/2","M"
"1025",320,"n/2","M"
"1026",431,"n/2","M"
"1027",337,"n/2","M"
"1028",600,"n/2","M"
"1029",370,"n/2","M"
"1030",352,"n/2","M"
"1031",375,"n/2","M"
"1032",384,"n/2","M"
"1033",333,"n/2","M"
"1034",314,"n/2","M"
"1035",386,"n/2","M"
"1036",277,"n/2","M"
"1037",358,"n/2","M"
"1038",354,"n/2","M"
"1039",317,"n/2","M"
"1040",306,"n/2","M"
"1041",281,"n/2","M"
"1042",346,"n/2","M"
"1043",372,"n/2","M"
"1044",227,"n/2","M"
"1045",280,"n/2","M"
"1046",360,"n/2","M"
"1047",223,"n/2","M"
"1048",305,"n/2","M"
"1049",248,"n/2","M"
"1050",264,"n/2","M"
"1051",238,"n/2","M"
"1052",264,"n/2","M"
"1053",258,"n/2","M"
"1054",242,"n/2","M"
"1055",272,"n/2","M"
"1056",273,"n/2","M"
"1057",265,"n/2","M"
"1058",298,"n/2","M"
"1059",241,"n/2","M"
"1060",274,"n/2","M"
"1061",248,"n/2","M"
"1062",261,"n/2","M"
"1063",252,"n/2","M"
"1064",331,"n/2","M"
"1065",296,"n/2","M"
"1066",254,"n/2","M"
"1067",286,"n/2","M"
"1068",249,"n/2","M"
"1069",287,"n/2","M"
"1070",250,"n/2","M"
"1071",404,"n/2","M"
"1072",446,"n/2","M"
"1073",452,"n/2","M"
"1074",346,"n/2","M"
"1075",296,"n/2","M"
"1076",311,"n/2","M"
"1077",381,"n/2","M"
"1078",315,"n/2","M"
"1079",262,"n/2","M"
"1080",292,"n/2","M"
"1081",287,"n/2","M"
"1082",256,"n/2","M"
"1083",253,"n/2","M"
"1084",323,"n/2","M"
"1085",400,"n/2","M"
"1086",230,"n/2","M"
"1087",379,"n/2","M"
"1088",462,"n/2","M"
"1089",348,"n/2","M"
"1090",338,"n/2","M"
"1091",211,"n/2","M"
"1092",246,"n/2","M"
"1093",284,"n/2","M"
"1094",267,"n/2","M"
"1095",226,"n/2","M"
"1096",267,"n/2","M"
"1097",346,"n/2","M"
"1098",249,"n/2","M"
"1099",324,"n/2","M"
"1100",411,"n/2","I"
"1101",113,"n/2","I"
"1102",80,"n/2","I"
"1103",65,"n/2","I"
"1104",61,"n/2","I"
"1105",95,"n/2","I"
"1106",101,"n/2","I"
"1107",110,"n/2","I"
"1108",60,"n/2","I"
"1109",67,"n/2","I"
"1110",60,"n/2","I"
"1111",66,"n/2","I"
"1112",88,"n/2","I"
"1113",63,"n/2","I"
"1114",48,"n/2","I"
"1115",111,"n/2","I"
"1116",68,"n/2","I"
"1117",65,"n/2","I"
"1118",63,"n/2","I"
"1119",65,"n/2","I"
"1120",106,"n/2","I"
"1121",53,"n/2","I"
"1122",92,"n/2","I"
"1123",67,"n/2","I"
"1124",78,"n/2","I"
"1125",52,"n/2","I"
"1126",46,"n/2","I"
"1127",91,"n/2","I"
"1128",75,"n/2","I"
"1129",79,"n/2","I"
"1130",78,"n/2","I"
"1131",81,"n/2","I"
"1132",70,"n/2","I"
"1133",70,"n/2","I"
"1134",89,"n/2","I"
"1135",72,"n/2","I"
"1136",95,"n/2","I"
"1137",62,"n/2","I"
"1138",78,"n/2","I"
"1139",63,"n/2","I"
"1140",85,"n/2","I"
"1141",136,"n/2","I"
"1142",85,"n/2","I"
"1143",72,"n/2","I"
"1144",87,"n/2","I"
"1145",86,"n/2","I"
"1146",109,"n/2","I"
"1147",56,"n/2","I"
"1148",91,"n/2","I"
"1149",117,"n/2","I"
"1150",100,"n/2","I"
"1151",59,"n/2","I"
"1152",99,"n/2","I"
"1153",49,"n/2","I"
"1154",112,"n/2","I"
"1155",123,"n/2","I"
"1156",78,"n/2","I"
"1157",112,"n/2","I"
"1158",92,"n/2","I"
"1159",65,"n/2","I"
"1160",89,"n/2","I"
"1161",57,"n/2","I"
"1162",85,"n/2","I"
"1163",102,"n/2","I"
"1164",81,"n/2","I"
"1165",75,"n/2","I"
"1166",71,"n/2","I"
"1167",57,"n/2","I"
"1168",91,"n/2","I"
"1169",63,"n/2","I"
"1170",96,"n/2","I"
"1171",89,"n/2","I"
"1172",82,"n/2","I"
"1173",88,"n/2","I"
"1174",74,"n/2","I"
"1175",66,"n/2","I"
"1176",64,"n/2","I"
"1177",56,"n/2","I"
"1178",85,"n/2","I"
"1179",115,"n/2","I"
"1180",71,"n/2","I"
"1181",52,"n/2","I"
"1182",82,"n/2","I"
"1183",45,"n/2","I"
"1184",92,"n/2","I"
"1185",123,"n/2","I"
"1186",66,"n/2","I"
"1187",54,"n/2","I"
"1188",51,"n/2","I"
"1189",79,"n/2","I"
"1190",83,"n/2","I"
"1191",66,"n/2","I"
"1192",74,"n/2","I"
"1193",90,"n/2","I"
"1194",71,"n/2","I"
"1195",80,"n/2","I"
"1196",68,"n/2","I"
"1197",65,"n/2","I"
"1198",56,"n/2","I"
"1199",75,"n/2","I"
"1200",59,"n/2","I"
"1201",926,"n/4","B"
"1202",926,"n/4","B"
"1203",926,"n/4","B"
"1204",806,"n/4","B"
"1205",926,"n/4","B"
"1206",825,"n/4","B"
"1207",926,"n/4","B"
"1208",825,"n/4","B"
"1209",825,"n/4","B"
"1210",907,"n/4","B"
"1211",825,"n/4","B"
"1212",926,"n/4","B"
"1213",825,"n/4","B"
"1214",926,"n/4","B"
"1215",782,"n/4","B"
"1216",926,"n/4","B"
"1217",926,"n/4","B"
"1218",999,"n/4","B"
"1219",1000,"n/4","B"
"1220",999,"n/4","B"
"1221",999,"n/4","B"
"1222",1000,"n/4","B"
"1223",999,"n/4","B"
"1224",918,"n/4","B"
"1225",999,"n/4","B"
"1226",985,"n/4","B"
"1227",999,"n/4","B"
"1228",918,"n/4","B"
"1229",999,"n/4","B"
"1230",959,"n/4","B"
"1231",999,"n/4","B"
"1232",999,"n/4","B"
"1233",1000,"n/4","B"
"1234",999,"n/4","B"
"1235",999,"n/4","B"
"1236",999,"n/4","B"
"1237",459,"n/4","B"
"1238",459,"n/4","B"
"1239",459,"n/4","B"
"1240",459,"n/4","B"
"1241",459,"n/4","B"
"1242",459,"n/4","B"
"1243",459,"n/4","B"
"1244",459,"n/4","B"
"1245",459,"n/4","B"
"1246",459,"n/4","B"
"1247",459,"n/4","B"
"1248",459,"n/4","B"
"1249",459,"n/4","B"
"1250",459,"n/4","B"
"1251",459,"n/4","B"
"1252",459,"n/4","B"
"1253",825,"n/4","B"
"1254",459,"n/4","B"
"1255",459,"n/4","B"
"1256",453,"n/4","B"
"1257",586,"n/4","B"
"1258",453,"n/4","B"
"1259",540,"n/4","B"
"1260",586,"n/4","B"
"1261",461,"n/4","B"
"1262",453,"n/4","B"
"1263",993,"n/4","B"
"1264",860,"n/4","B"
"1265",540,"n/4","B"
"1266",453,"n/4","B"
"1267",453,"n/4","B"
"1268",453,"n/4","B"
"1269",540,"n/4","B"
"1270",540,"n/4","B"
"1271",461,"n/4","B"
"1272",594,"n/4","B"
"1273",453,"n/4","B"
"1274",843,"n/4","B"
"1275",484,"n/4","B"
"1276",843,"n/4","B"
"1277",720,"n/4","B"
"1278",720,"n/4","B"
"1279",720,"n/4","B"
"1280",564,"n/4","B"
"1281",883,"n/4","B"
"1282",843,"n/4","B"
"1283",687,"n/4","B"
"1284",843,"n/4","B"
"1285",844,"n/4","B"
"1286",763,"n/4","B"
"1287",720,"n/4","B"
"1288",720,"n/4","B"
"1289",763,"n/4","B"
"1290",843,"n/4","B"
"1291",763,"n/4","B"
"1292",843,"n/4","B"
"1293",827,"n/4","B"
"1294",827,"n/4","B"
"1295",999,"n/4","B"
"1296",827,"n/4","B"
"1297",827,"n/4","B"
"1298",827,"n/4","B"
"1299",827,"n/4","B"
"1300",827,"n/4","Q"
"1301",284,"n/4","Q"
"1302",220,"n/4","Q"
"1303",339,"n/4","Q"
"1304",332,"n/4","Q"
"1305",330,"n/4","Q"
"1306",219,"n/4","Q"
"1307",210,"n/4","Q"
"1308",704,"n/4","Q"
"1309",289,"n/4","Q"
"1310",259,"n/4","Q"
"1311",195,"n/4","Q"
"1312",295,"n/4","Q"
"1313",395,"n/4","Q"
"1314",203,"n/4","Q"
"1315",252,"n/4","Q"
"1316",230,"n/4","Q"
"1317",311,"n/4","Q"
"1318",351,"n/4","Q"
"1319",300,"n/4","Q"
"1320",262,"n/4","Q"
"1321",245,"n/4","Q"
"1322",271,"n/4","Q"
"1323",216,"n/4","Q"
"1324",344,"n/4","Q"
"1325",210,"n/4","Q"
"1326",278,"n/4","Q"
"1327",194,"n/4","Q"
"1328",459,"n/4","Q"
"1329",314,"n/4","Q"
"1330",459,"n/4","Q"
"1331",203,"n/4","Q"
"1332",249,"n/4","Q"
"1333",355,"n/4","Q"
"1334",194,"n/4","Q"
"1335",248,"n/4","Q"
"1336",325,"n/4","Q"
"1337",222,"n/4","Q"
"1338",344,"n/4","Q"
"1339",260,"n/4","Q"
"1340",263,"n/4","Q"
"1341",235,"n/4","Q"
"1342",272,"n/4","Q"
"1343",450,"n/4","Q"
"1344",270,"n/4","Q"
"1345",245,"n/4","Q"
"1346",283,"n/4","Q"
"1347",387,"n/4","Q"
"1348",484,"n/4","Q"
"1349",307,"n/4","Q"
"1350",253,"n/4","Q"
"1351",429,"n/4","Q"
"1352",325,"n/4","Q"
"1353",384,"n/4","Q"
"1354",360,"n/4","Q"
"1355",385,"n/4","Q"
"1356",252,"n/4","Q"
"1357",336,"n/4","Q"
"1358",246,"n/4","Q"
"1359",442,"n/4","Q"
"1360",421,"n/4","Q"
"1361",356,"n/4","Q"
"1362",404,"n/4","Q"
"1363",326,"n/4","Q"
"1364",305,"n/4","Q"
"1365",402,"n/4","Q"
"1366",239,"n/4","Q"
"1367",250,"n/4","Q"
"1368",216,"n/4","Q"
"1369",314,"n/4","Q"
"1370",242,"n/4","Q"
"1371",323,"n/4","Q"
"1372",245,"n/4","Q"
"1373",280,"n/4","Q"
"1374",226,"n/4","Q"
"1375",227,"n/4","Q"
"1376",338,"n/4","Q"
"1377",397,"n/4","Q"
"1378",293,"n/4","Q"
"1379",323,"n/4","Q"
"1380",266,"n/4","Q"
"1381",440,"n/4","Q"
"1382",250,"n/4","Q"
"1383",222,"n/4","Q"
"1384",279,"n/4","Q"
"1385",171,"n/4","Q"
"1386",187,"n/4","Q"
"1387",350,"n/4","Q"
"1388",505,"n/4","Q"
"1389",390,"n/4","Q"
"1390",522,"n/4","Q"
"1391",340,"n/4","Q"
"1392",325,"n/4","Q"
"1393",354,"n/4","Q"
"1394",319,"n/4","Q"
"1395",494,"n/4","Q"
"1396",408,"n/4","Q"
"1397",452,"n/4","Q"
"1398",286,"n/4","Q"
"1399",657,"n/4","Q"
"1400",424,"n/4","M"
"1401",590,"n/4","M"
"1402",797,"n/4","M"
"1403",563,"n/4","M"
"1404",307,"n/4","M"
"1405",370,"n/4","M"
"1406",498,"n/4","M"
"1407",472,"n/4","M"
"1408",494,"n/4","M"
"1409",492,"n/4","M"
"1410",470,"n/4","M"
"1411",621,"n/4","M"
"1412",505,"n/4","M"
"1413",513,"n/4","M"
"1414",482,"n/4","M"
"1415",463,"n/4","M"
"1416",511,"n/4","M"
"1417",421,"n/4","M"
"1418",429,"n/4","M"
"1419",630,"n/4","M"
"1420",456,"n/4","M"
"1421",498,"n/4","M"
"1422",473,"n/4","M"
"1423",321,"n/4","M"
"1424",640,"n/4","M"
"1425",482,"n/4","M"
"1426",505,"n/4","M"
"1427",451,"n/4","M"
"1428",449,"n/4","M"
"1429",472,"n/4","M"
"1430",531,"n/4","M"
"1431",717,"n/4","M"
"1432",413,"n/4","M"
"1433",376,"n/4","M"
"1434",442,"n/4","M"
"1435",408,"n/4","M"
"1436",402,"n/4","M"
"1437",523,"n/4","M"
"1438",564,"n/4","M"
"1439",484,"n/4","M"
"1440",376,"n/4","M"
"1441",354,"n/4","M"
"1442",537,"n/4","M"
"1443",559,"n/4","M"
"1444",482,"n/4","M"
"1445",436,"n/4","M"
"1446",403,"n/4","M"
"1447",479,"n/4","M"
"1448",451,"n/4","M"
"1449",370,"n/4","M"
"1450",265,"n/4","M"
"1451",486,"n/4","M"
"1452",340,"n/4","M"
"1453",370,"n/4","M"
"1454",525,"n/4","M"
"1455",239,"n/4","M"
"1456",508,"n/4","M"
"1457",528,"n/4","M"
"1458",511,"n/4","M"
"1459",335,"n/4","M"
"1460",451,"n/4","M"
"1461",279,"n/4","M"
"1462",341,"n/4","M"
"1463",435,"n/4","M"
"1464",316,"n/4","M"
"1465",272,"n/4","M"
"1466",225,"n/4","M"
"1467",362,"n/4","M"
"1468",324,"n/4","M"
"1469",301,"n/4","M"
"1470",537,"n/4","M"
"1471",473,"n/4","M"
"1472",420,"n/4","M"
"1473",491,"n/4","M"
"1474",310,"n/4","M"
"1475",310,"n/4","M"
"1476",310,"n/4","M"
"1477",203,"n/4","M"
"1478",310,"n/4","M"
"1479",457,"n/4","M"
"1480",344,"n/4","M"
"1481",355,"n/4","M"
"1482",313,"n/4","M"
"1483",310,"n/4","M"
"1484",370,"n/4","M"
"1485",405,"n/4","M"
"1486",310,"n/4","M"
"1487",234,"n/4","M"
"1488",361,"n/4","M"
"1489",310,"n/4","M"
"1490",310,"n/4","M"
"1491",310,"n/4","M"
"1492",377,"n/4","M"
"1493",310,"n/4","M"
"1494",198,"n/4","M"
"1495",310,"n/4","M"
"1496",368,"n/4","M"
"1497",255,"n/4","M"
"1498",202,"n/4","M"
"1499",446,"n/4","M"
"1500",312,"n/4","I"
"1501",90,"n/4","I"
"1502",78,"n/4","I"
"1503",54,"n/4","I"
"1504",46,"n/4","I"
"1505",88,"n/4","I"
"1506",83,"n/4","I"
"1507",80,"n/4","I"
"1508",45,"n/4","I"
"1509",69,"n/4","I"
"1510",77,"n/4","I"
"1511",81,"n/4","I"
"1512",78,"n/4","I"
"1513",61,"n/4","I"
"1514",52,"n/4","I"
"1515",52,"n/4","I"
"1516",103,"n/4","I"
"1517",113,"n/4","I"
"1518",83,"n/4","I"
"1519",90,"n/4","I"
"1520",61,"n/4","I"
"1521",92,"n/4","I"
"1522",100,"n/4","I"
"1523",64,"n/4","I"
"1524",56,"n/4","I"
"1525",58,"n/4","I"
"1526",61,"n/4","I"
"1527",89,"n/4","I"
"1528",65,"n/4","I"
"1529",50,"n/4","I"
"1530",79,"n/4","I"
"1531",70,"n/4","I"
"1532",74,"n/4","I"
"1533",80,"n/4","I"
"1534",60,"n/4","I"
"1535",53,"n/4","I"
"1536",87,"n/4","I"
"1537",82,"n/4","I"
"1538",51,"n/4","I"
"1539",53,"n/4","I"
"1540",71,"n/4","I"
"1541",72,"n/4","I"
"1542",54,"n/4","I"
"1543",75,"n/4","I"
"1544",81,"n/4","I"
"1545",63,"n/4","I"
"1546",70,"n/4","I"
"1547",69,"n/4","I"
"1548",61,"n/4","I"
"1549",79,"n/4","I"
"1550",87,"n/4","I"
"1551",62,"n/4","I"
"1552",86,"n/4","I"
"1553",84,"n/4","I"
"1554",82,"n/4","I"
"1555",73,"n/4","I"
"1556",83,"n/4","I"
"1557",71,"n/4","I"
"1558",111,"n/4","I"
"1559",69,"n/4","I"
"1560",78,"n/4","I"
"1561",66,"n/4","I"
"1562",61,"n/4","I"
"1563",78,"n/4","I"
"1564",94,"n/4","I"
"1565",56,"n/4","I"
"1566",53,"n/4","I"
"1567",51,"n/4","I"
"1568",67,"n/4","I"
"1569",94,"n/4","I"
"1570",73,"n/4","I"
"1571",82,"n/4","I"
"1572",68,"n/4","I"
"1573",82,"n/4","I"
"1574",82,"n/4","I"
"1575",79,"n/4","I"
"1576",72,"n/4","I"
"1577",85,"n/4","I"
"1578",63,"n/4","I"
"1579",57,"n/4","I"
"1580",91,"n/4","I"
"1581",62,"n/4","I"
"1582",89,"n/4","I"
"1583",68,"n/4","I"
"1584",67,"n/4","I"
"1585",78,"n/4","I"
"1586",60,"n/4","I"
"1587",82,"n/4","I"
"1588",65,"n/4","I"
"1589",79,"n/4","I"
"1590",63,"n/4","I"
"1591",49,"n/4","I"
"1592",68,"n/4","I"
"1593",92,"n/4","I"
"1594",67,"n/4","I"
"1595",74,"n/4","I"
"1596",64,"n/4","I"
"1597",66,"n/4","I"
"1598",62,"n/4","I"
"1599",64,"n/4","I"
"1600",76,"n/4","I"
